,Company,Degree Centrality,Betweenness Centrality,Eigen Centrality,Closeness Centrality,Page Rank,In-degree Centrality,Out-degree Centrality
0,TransferWise,0.011876484560570073,0.0,2.250253791880301e-59,0.0,0.0008156233535763814,0.0,0.011876484560570073
1,Buzzfeed,0.0498812351543943,0.0010140208859245165,6.099712544706612e-47,0.0169664065151001,0.0011658045611542365,0.014251781472684086,0.035629453681710214
2,Dave,0.023752969121140145,0.00020567055008860233,3.4617567632678736e-37,0.03234632077700812,0.0016763609081319837,0.014251781472684086,0.009501187648456057
3,LinkDoc Technology,0.040380047505938245,0.0,1.5975487899411411e-35,0.050440128545479954,0.0012222813477961417,0.019002375296912115,0.02137767220902613
4,Bright Health,0.06888361045130642,0.0,2.565333483786189e-15,0.20256220552159185,0.008709602572917436,0.06888361045130642,0.0
5,Avant,0.007125890736342043,3.9289971424345365e-05,2.056671361034593e-40,0.02280285035629454,0.0009427739872917869,0.004750593824228029,0.0023752969121140144
6,Tuya Smart,0.040380047505938245,0.0,4.1419933376256876e-34,0.05188635592436067,0.0013377292629561392,0.02137767220902613,0.019002375296912115
7,Duolingo,0.0665083135391924,0.003602642189340526,1.3174117371101327e-16,0.1787933491686461,0.003717686583687586,0.05463182897862233,0.011876484560570073
8,Tempus,0.040380047505938245,0.0,1.3923929682698503e-43,0.01800225028128516,0.001071527867574505,0.014251781472684086,0.026128266033254157
9,Koudai,0.05463182897862233,0.0004307110809486106,1.4477371253556899e-50,0.007422802850356294,0.0008765359164072711,0.004750593824228029,0.0498812351543943
10,Coursera,0.0665083135391924,0.0015701378137754117,3.164128429929673e-21,0.1360783403538748,0.0024039626224075256,0.04750593824228029,0.019002375296912115
11,23andMe,0.07363420427553445,0.0008089931910766657,1.0279582374422693e-48,0.009501187648456057,0.0009120134196710234,0.007125890736342043,0.0665083135391924
12,Intarcia Therapeutics,0.040380047505938245,0.0,2.250253791880301e-59,0.0,0.0008156233535763814,0.0,0.040380047505938245
13,Branch,0.040380047505938245,0.0,1.0050669817736497e-32,0.0533445712972186,0.0014798793687106318,0.023752969121140145,0.0166270783847981
14,Databricks,0.10213776722090262,0.0039657806501206564,1.1186237302934262e-22,0.15201900237529692,0.002612265811775376,0.06413301662707839,0.03800475059382423
15,Uptake,0.04275534441805226,6.221015722203371e-05,3.11114907269541e-45,0.015967273686988654,0.001005765102077031,0.011876484560570073,0.030878859857482188
16,Houzz,0.10213776722090262,0.001194645348869984,1.6497634413749764e-52,0.009501187648456057,0.0009238161034646487,0.009501187648456057,0.09263657957244656
17,Omio,0.05938242280285036,0.004014483879176787,2.2926737579708646e-31,0.05588933910856504,0.0017226260056359083,0.028503562945368172,0.030878859857482188
18,DataRobot,0.045130641330166275,8.813105606454774e-05,4.5515857096374803e-20,0.12666282138039722,0.0023051984036941775,0.035629453681710214,0.009501187648456057
19,Automation Anywhere,0.10926365795724466,0.009933474821172836,5.934062202169962e-37,0.07027293506027876,0.0019981340507358126,0.0498812351543943,0.05938242280285036
20,Zenefits,0.030878859857482188,0.00045173627036538476,1.405936066628889e-54,0.007125890736342043,0.0010289115187844511,0.007125890736342043,0.023752969121140145
21,Instabase,0.1163895486935867,0.005027196015913357,1.0539479824545626e-17,0.20554682011307754,0.004721565870255783,0.09026128266033255,0.026128266033254157
22,Cgtz,0.009501187648456057,0.0,2.250253791880301e-59,0.0,0.0008156233535763814,0.0,0.009501187648456057
23,Zhangmen,0.023752969121140145,0.00017910962091484653,1.348839739832223e-27,0.06841718851220038,0.002244633893273803,0.019002375296912115,0.004750593824228029
24,SHEIN,0.10451306413301663,0.010418614812889146,7.312553719343144e-29,0.0809847852603197,0.002208508318154581,0.052256532066508314,0.052256532066508314
25,Lalamove,0.011876484560570073,1.2724804886325076e-05,7.920893347418656e-57,0.0023752969121140144,0.0009889320107077776,0.0023752969121140144,0.009501187648456057
26,GalaxySpace,0.011876484560570073,0.0,2.4982810929771337e-26,0.06328916114514313,0.0023228302406680234,0.011876484560570073,0.0
27,58 Daojia,0.04275534441805226,0.00022730957664788678,1.4642331778410244e-50,0.009897070467141725,0.0010872614447207214,0.009501187648456057,0.0332541567695962
28,Epic Games,0.06888361045130642,0.0025195183512964304,3.5305119811402393e-19,0.12368510349507976,0.002739957756777224,0.04750593824228029,0.02137767220902613
29,BYJU's,0.05938242280285036,0.0016223925504549868,4.102724186984973e-40,0.03671737593153342,0.001161056642452438,0.0166270783847981,0.04275534441805226
30,o9 Solutions,0.019002375296912115,0.0,7.87140433148188e-16,0.11604503998114268,0.003937324642700232,0.019002375296912115,0.0
31,Linklogis,0.052256532066508314,0.00015081250235644535,1.416088700737438e-27,0.07383301767346469,0.0017167291602696326,0.030878859857482188,0.02137767220902613
32,Yijiupi,0.052256532066508314,0.0009388078271688722,7.285760581127975e-29,0.07240451516616568,0.0015822174725350416,0.028503562945368172,0.023752969121140145
33,Skydance Media,0.0498812351543943,0.0,2.698210589210166e-13,0.1625775802620489,0.005094683521554916,0.045130641330166275,0.004750593824228029
34,Momenta,0.10451306413301663,0.00179369124949376,2.6335902652566095e-20,0.14572948379110767,0.0033362532942650663,0.07838479809976247,0.026128266033254157
35,BYTON,0.0498812351543943,0.0,2.953766305443364e-34,0.053092904218661134,0.0011729485287477726,0.019002375296912115,0.030878859857482188
36,Dxy.cn,0.061757719714964375,0.0020497291668637625,1.1752371918099367e-35,0.05603761694701634,0.0012924319469703955,0.023752969121140145,0.03800475059382423
37,KnowBe4,0.019002375296912115,0.0,6.078765554051205e-17,0.11481812855670057,0.0021280743396481353,0.0166270783847981,0.0023752969121140144
38,SoundHound,0.0498812351543943,0.0,1.647736636779073e-31,0.06847702809698059,0.0013032113802794317,0.023752969121140145,0.026128266033254157
39,VIPKid,0.10451306413301663,0.0008985038387820877,2.0986915187909574e-48,0.01512689086135767,0.0009550709943724371,0.011876484560570073,0.09263657957244656
40,Ivalua,0.0498812351543943,0.0016546891915911255,4.544516967875149e-18,0.13476570935003238,0.002648895530322847,0.03800475059382423,0.011876484560570073
41,Yuanfudao,0.08551068883610452,0.0016369949572957612,2.8427284349048664e-43,0.02702560042227501,0.0010400608113102887,0.014251781472684086,0.07125890736342043
42,Waterdrop,0.09263657957244656,0.0,1.9119850352720108e-05,0.2452264194314612,0.027506663630329987,0.09263657957244656,0.0
43,Zhuan Zhuan,0.052256532066508314,6.110395404592893e-05,6.276100216106919e-45,0.014107824084071114,0.0008914935933994555,0.007125890736342043,0.045130641330166275
44,Darktrace,0.023752969121140145,0.000224402046382026,2.7220135081398967e-43,0.02151537058074288,0.0010434310750691803,0.007125890736342043,0.0166270783847981
45,Krafton Game Union,0.052256532066508314,0.0003845718810089356,3.560581000646678e-30,0.07130132337970818,0.00209715964936376,0.028503562945368172,0.023752969121140145
46,Airwallex,0.12826603325415678,0.007539785437620471,7.550456510629495e-17,0.19124019290290076,0.005367103757788198,0.10213776722090262,0.026128266033254157
47,OutSystems,0.019002375296912115,0.0,1.0828365776998376e-41,0.02293858160841534,0.0011701376480861437,0.009501187648456057,0.009501187648456057
48,Voodoo,0.08551068883610452,0.00021332807937829995,2.1554848374662623e-06,0.20720904537702542,0.010968752129830556,0.0831353919239905,0.0023752969121140144
49,OVH,0.019002375296912115,0.0,1.0279554572087034e-48,0.007125890736342043,0.0008816385016777886,0.0023752969121140144,0.0166270783847981
50,Luoji Siwei,0.1163895486935867,0.0032455637479814605,1.1369402625090159e-41,0.029391300175148155,0.0011979992364799716,0.026128266033254157,0.09026128266033255
51,Yiguo,0.07838479809976247,0.006244797984066731,6.220299484135054e-45,0.02974284829081896,0.0014809970342178488,0.023752969121140145,0.05463182897862233
52,Zhihu,0.061757719714964375,0.0002656034222033543,1.2292087168746588e-46,0.012544536817102138,0.0009230932718528223,0.004750593824228029,0.057007125890736345
53,Coocaa,0.061757719714964375,0.0029908285922877033,1.350171161027051e-38,0.05247246814942778,0.001584096722527472,0.023752969121140145,0.03800475059382423
54,Discord,0.09026128266033255,0.007704059934525271,7.195685936176566e-33,0.07449360818343498,0.0015121705505897675,0.0332541567695962,0.057007125890736345
55,Miaoshou Doctor,0.1163895486935867,0.0007796095809329609,2.2996098283219782e-14,0.1988483122143256,0.007935714458664402,0.10688836104513065,0.009501187648456057
56,Dream11,0.0498812351543943,0.0,9.139363032507204e-16,0.14486618083496264,0.002810467173164399,0.040380047505938245,0.009501187648456057
57,Gojek,0.023752969121140145,0.0007176385993827458,6.099663334572525e-47,0.010134600158353128,0.001003779397256154,0.004750593824228029,0.019002375296912115
58,OYO Rooms,0.05463182897862233,0.0012442076329080062,3.06831335033194e-29,0.098428399440341,0.001339088434107841,0.023752969121140145,0.030878859857482188
59,Cybereason,0.06413301662707839,0.001187236129126187,1.9163498963865405e-37,0.035895345127096114,0.0009313696740490847,0.009501187648456057,0.05463182897862233
60,Delhivery,0.052256532066508314,0.0011562251043079005,4.618542219717247e-20,0.13590515778758058,0.0018277140584966871,0.030878859857482188,0.02137767220902613
61,Fanatics,0.10451306413301663,0.001305856652830828,1.5819284156918528e-56,0.004750593824228029,0.0009337883470750607,0.004750593824228029,0.0997624703087886
62,Nuro,0.0831353919239905,0.00801598747674597,3.3188760639883792e-21,0.16254623620609163,0.002183377159843232,0.045130641330166275,0.03800475059382423
63,Tokopedia,0.03800475059382423,0.002019177551074395,1.0425977889646129e-48,0.012215812690872073,0.0011532765928221288,0.011876484560570073,0.026128266033254157
64,Cohesity,0.0997624703087886,0.002884270041492819,7.374905541026307e-32,0.07376190841059434,0.0016023350190640005,0.04275534441805226,0.057007125890736345
65,Auto1 Group,0.0498812351543943,0.0004499811933218787,1.0425963909494383e-48,0.017884588514740812,0.0009054918890662324,0.007125890736342043,0.04275534441805226
66,QuintoAndar,0.07600950118764846,0.0006548014770359527,8.97990872551221e-16,0.18393813825268304,0.0042782666264505175,0.06413301662707839,0.011876484560570073
67,Cambridge Mobile Telematics,0.045130641330166275,0.0,1.0872359576370717e-26,0.098166567695962,0.001288855295153852,0.02137767220902613,0.023752969121140145
68,Kavak,0.07125890736342043,0.00025704442505426566,3.418573826948589e-12,0.22875796134785562,0.012802650733966258,0.06888361045130642,0.0023752969121140144
69,Ola Electric Mobility,0.07600950118764846,0.0018120148680888415,6.54204270461719e-17,0.18900641738917173,0.0036450377775404928,0.061757719714964375,0.014251781472684086
70,Ola Cabs,0.10926365795724466,0.0030745411508073806,1.4808674521655247e-50,0.01800225028128516,0.0009685944259689016,0.014251781472684086,0.09501187648456058
71,Improbable,0.10451306413301663,0.004116358976564717,6.568610435505939e-39,0.04464635749371584,0.0013401535448642585,0.023752969121140145,0.08076009501187649
72,Globality,0.045130641330166275,0.0,3.2040977162127402e-24,0.10286415771390384,0.0015472743111485281,0.026128266033254157,0.019002375296912115
73,Greensill,0.07363420427553445,0.0018470453232499375,1.5114155138459047e-30,0.08981240765331887,0.001396059058761472,0.030878859857482188,0.04275534441805226
74,FirstCry,0.04750593824228029,5.674320401161256e-05,1.120417860467697e-14,0.17400430867811964,0.005788573518195585,0.04275534441805226,0.004750593824228029
75,National Stock Exchange of India,0.045130641330166275,0.0,1.368359014221113e-13,0.17393189773721715,0.005928228004059392,0.04275534441805226,0.0023752969121140144
76,Gympass,0.08076009501187649,0.0035783020650857348,6.633818120810344e-19,0.15955962749311917,0.00288516870920497,0.05463182897862233,0.026128266033254157
77,Fair,0.04750593824228029,0.00033629841485287694,1.9077272134700792e-25,0.10239515233521837,0.0015758540240289867,0.026128266033254157,0.02137767220902613
78,Zymergen,0.057007125890736345,0.0013347977413128416,5.917606572192323e-28,0.10154394299287411,0.0017249630522945072,0.026128266033254157,0.030878859857482188
79,Unacademy,0.0166270783847981,0.0,2.3643804960996765e-06,0.16743731133286327,0.003415626356275946,0.0166270783847981,0.0
80,Acronis,0.052256532066508314,0.0009695043214145526,2.131268313094547e-10,0.15878174319371824,0.003083210264643542,0.040380047505938245,0.011876484560570073
81,Udemy,0.035629453681710214,0.0012407919092683269,2.4847822478424023e-08,0.17184509797655947,0.00381369898118134,0.028503562945368172,0.007125890736342043
82,OneTrust,0.019002375296912115,0.0,1.3854870275178254e-13,0.12237577677007605,0.0010929556013519353,0.004750593824228029,0.014251781472684086
83,Lightricks,0.05463182897862233,0.001511082789698144,1.8979078210963387e-11,0.15749703087885988,0.0027492979196155833,0.03800475059382423,0.0166270783847981
84,Gong,0.0166270783847981,0.0,2.3867032632575108e-06,0.16097644735712446,0.004378219900926535,0.0166270783847981,0.0
85,Kendra Scott,0.014251781472684086,0.0,2.250253791880301e-59,0.0,0.0008156233535763814,0.0,0.014251781472684086
86,VAST Data,0.05463182897862233,0.0011585385011750808,2.3584548403486556e-07,0.1734831118809793,0.005293616250976868,0.04750593824228029,0.007125890736342043
87,Swiggy,0.014251781472684086,0.0,7.920893347418656e-57,0.0023752969121140144,0.0009311624583306456,0.0023752969121140144,0.011876484560570073
88,Grove Collaborative,0.011876484560570073,0.0001451884527894029,1.2190739082917549e-46,0.011033637269174777,0.001264538690201916,0.004750593824228029,0.007125890736342043
89,Checkout.com,0.045130641330166275,0.009853937348431577,1.2311128642872385e-14,0.16237626149969253,0.0022429344548079906,0.02137767220902613,0.023752969121140145
90,Knotel,0.0166270783847981,0.0003851598702294325,1.1968124374337488e-38,0.02930086540537847,0.0013867965951791662,0.007125890736342043,0.009501187648456057
91,Vinted,0.05463182897862233,0.0023936257564289667,2.3309073634261064e-09,0.17960807600950118,0.0028906565214489666,0.0332541567695962,0.02137767220902613
92,monday.com,0.023752969121140145,0.00404837311013083,1.6446069722831982e-12,0.12343456551236621,0.001247789946897345,0.007125890736342043,0.0166270783847981
93,Kaseya,0.019002375296912115,0.0,2.250253791880301e-59,0.0,0.0008156233535763814,0.0,0.019002375296912115
94,Postman,0.0332541567695962,0.0011169367336656107,2.5838137824407745e-07,0.18838612590548975,0.0043207229154968085,0.028503562945368172,0.004750593824228029
95,Druva,0.061757719714964375,0.0011438593768081382,1.2397528122990134e-18,0.1464941404968439,0.00207973606401121,0.045130641330166275,0.0166270783847981
96,Amplitude,0.04750593824228029,0.0009055928385081658,2.1367610935235976e-09,0.2127254259527865,0.007429141785103254,0.04275534441805226,0.004750593824228029
97,Klarna,0.10451306413301663,0.0,2.250253791880301e-59,0.0,0.0008156233535763814,0.0,0.10451306413301663
98,Confluent,0.09026128266033255,0.0038252560415577186,3.5596762464582016e-29,0.11517906084414396,0.002020174580551532,0.052256532066508314,0.03800475059382423
99,Sisense,0.023752969121140145,5.6554688383667005e-05,2.1312688094483413e-10,0.16627451859155348,0.002868509455914932,0.02137767220902613,0.0023752969121140144
100,Quora,0.04275534441805226,0.0008315465780684646,2.780256067481865e-54,0.0053444180522565325,0.0010048727078439308,0.004750593824228029,0.03800475059382423
101,Eightfold.ai,0.04275534441805226,0.00044592839996690384,0.001692003671295758,0.21826467676624828,0.021554873631446887,0.040380047505938245,0.0023752969121140144
102,ServiceTitan,0.057007125890736345,0.0037019474574615393,4.144285344130739e-25,0.10745940429254425,0.001441028568825415,0.019002375296912115,0.03800475059382423
103,Wildlife Studios,0.03800475059382423,0.00042431603510666963,6.589122001950519e-17,0.15927164909534808,0.004270435007655118,0.0332541567695962,0.004750593824228029
104,Dataminr,0.05938242280285036,0.002494979060766302,1.3107699761125637e-38,0.03860800060325001,0.0014346577478150733,0.023752969121140145,0.035629453681710214
105,Grammarly,0.045130641330166275,0.0008333149109536861,3.410543132546084e-30,0.10289786223277911,0.0017414820214023056,0.023752969121140145,0.02137767220902613
106,Sprinklr,0.026128266033254157,0.0,2.250253791880301e-59,0.0,0.0008156233535763814,0.0,0.026128266033254157
107,StockX,0.07600950118764846,0.0050393355664191146,1.5086050414706087e-13,0.20655348311981622,0.003564867520892219,0.052256532066508314,0.023752969121140145
108,SoFi,0.030878859857482188,0.00012953872090281998,7.920893347418656e-57,0.0023752969121140144,0.000831378686042872,0.0023752969121140144,0.028503562945368172
109,Glossier,0.0332541567695962,0.0014882177528512785,3.82251210860093e-37,0.038027372469177693,0.002033541861194629,0.0166270783847981,0.0166270783847981
110,Hopin,0.05463182897862233,0.0006109737326228674,0.014104693844956745,0.24462043575422265,0.027411078526328823,0.0498812351543943,0.004750593824228029
111,Pendo,0.019002375296912115,0.0,1.6446156128148398e-12,0.16104287561261613,0.0016181684820260936,0.014251781472684086,0.004750593824228029
112,Collibra,0.05463182897862233,0.004115420014639559,6.953609583781069e-24,0.1287421506752932,0.0016577722719362095,0.023752969121140145,0.030878859857482188
113,AppDirect,0.0023752969121140144,0.0,2.250253791880301e-59,0.0,0.0008156233535763814,0.0,0.0023752969121140144
114,Formlabs,0.009501187648456057,6.221015722203371e-05,7.920893347418656e-57,0.0023752969121140144,0.0015088579821019663,0.0023752969121140144,0.007125890736342043
115,Convoy,0.0665083135391924,0.0034514550127032534,4.156384018365972e-25,0.1048107514744826,0.0014892072907985447,0.028503562945368172,0.03800475059382423
116,Unqork,0.02137767220902613,0.0,2.083074487121057e-05,0.18856694474773494,0.00635491438758036,0.02137767220902613,0.0
117,Stripe,0.045130641330166275,0.0,2.250253791880301e-59,0.0,0.0008156233535763814,0.0,0.045130641330166275
118,Dataiku,0.02137767220902613,5.6554688383667005e-05,1.577981979937365e-15,0.15349434207226215,0.0031960092729035774,0.019002375296912115,0.0023752969121140144
119,Coinbase,0.0332541567695962,0.0004004543226633488,6.768864577365021e-39,0.02249334197077665,0.0009150807241229146,0.004750593824228029,0.028503562945368172
120,Upgrade,0.023752969121140145,0.0,1.9795124495389325e-14,0.15734028441866924,0.0046797072253921615,0.023752969121140145,0.0
121,Carta,0.023752969121140145,0.00045792690261641726,1.3331156266233535e-34,0.04556712751487098,0.001113216663627338,0.007125890736342043,0.0166270783847981
122,C2FO,0.011876484560570073,0.0,3.09478458624485e-33,0.03867384831554649,0.0010156231240500383,0.004750593824228029,0.007125890736342043
123,Quizlet,0.014251781472684086,0.0011028164234815065,1.5779819729386308e-15,0.13282450747519908,0.0019355755286142625,0.009501187648456057,0.004750593824228029
124,Freshworks,0.07838479809976247,0.005260683318853143,2.4976228241568898e-26,0.09706101322366788,0.0014650756698363723,0.026128266033254157,0.052256532066508314
125,UiPath,0.0498812351543943,8.423023268628971e-05,7.920893347418656e-57,0.0023752969121140144,0.0008521093866566753,0.0023752969121140144,0.04750593824228029
126,Riskified,0.007125890736342043,0.0028918297326848393,1.7334466341240298e-11,0.09914779969361766,0.000967143501782077,0.0023752969121140144,0.004750593824228029
127,AppsFlyer,0.009501187648456057,0.0017607359650114991,1.7681322597146813e-10,0.08521131476426261,0.0019184182792039795,0.007125890736342043,0.0023752969121140144
128,Celonis,0.045130641330166275,0.0027552501602382835,3.252342450443022e-30,0.0628819060397817,0.0010058587260901215,0.007125890736342043,0.03800475059382423
129,Klaviyo,0.03800475059382423,1.607768998335676e-05,0.11299862333731317,0.22521135322298602,0.017048579738622394,0.035629453681710214,0.0023752969121140144
130,Mirakl,0.009501187648456057,0.0,1.6728674580028203e-08,0.08103493779634331,0.002986992100931339,0.009501187648456057,0.0
131,Via Transportation,0.019002375296912115,0.0018238887003732608,1.7468188223025371e-09,0.0874378913390885,0.003725796024497789,0.014251781472684086,0.004750593824228029
132,Marqeta,0.009501187648456057,0.0,6.296718370528006e-29,0.050908131193166825,0.0009845991782758713,0.004750593824228029,0.004750593824228029
133,Doctolib,0.035629453681710214,0.0,7.381404530620416e-24,0.09858721901824366,0.0010715527453115867,0.011876484560570073,0.023752969121140145
134,Netskope,0.06413301662707839,0.003063467673206838,4.386924012984452e-25,0.11355077921325532,0.0014234927901404658,0.023752969121140145,0.040380047505938245
135,Payoneer,0.014251781472684086,0.0,2.250253791880301e-59,0.0,0.0008156233535763814,0.0,0.014251781472684086
136,Scale AI,0.07838479809976247,0.002372923033816564,5.030845477369402e-20,0.1513989248656082,0.002321685438796756,0.045130641330166275,0.0332541567695962
137,MessageBird,0.05938242280285036,0.0008723294607169534,2.3408561639822296e-05,0.23101301714556066,0.007328032649272727,0.0498812351543943,0.009501187648456057
138,Circle Internet Financial,0.061757719714964375,0.00475877102295281,1.5819003952058157e-31,0.08106815399706534,0.0009960241013126992,0.009501187648456057,0.052256532066508314
139,Chainalysis,0.03800475059382423,0.0,0.9934935440186204,0.22553153219876315,0.03208197341202995,0.03800475059382423,0.0
140,Snyk,0.0665083135391924,0.0008704162410085552,2.2535894331519802e-08,0.1982144319764108,0.0033376047378387824,0.04750593824228029,0.019002375296912115
141,Podium,0.06888361045130642,0.0010339288616809993,2.3374668436855682e-07,0.20388730489377954,0.0038190092941725157,0.052256532066508314,0.0166270783847981
142,Checkr,0.05938242280285036,0.00126483203968384,6.7297493107504475e-19,0.1434253355743542,0.001878324806418852,0.0332541567695962,0.026128266033254157
143,GoPuff,0.052256532066508314,0.00027416939761747047,2.366692446553848e-06,0.18578968619163155,0.0055814729403272,0.04275534441805226,0.009501187648456057
144,Wacai,0.02137767220902613,0.0011348236840262626,6.955310935242334e-29,0.05161180861893451,0.0011615223960257613,0.011876484560570073,0.009501187648456057
145,HighRadius,0.014251781472684086,0.0,1.740464681175893e-21,0.11705336741237142,0.004699394543974495,0.014251781472684086,0.0
146,Chime,0.007125890736342043,0.0,2.250253791880301e-59,0.0,0.0008156233535763814,0.0,0.007125890736342043
147,Monzo,0.009501187648456057,0.00035252422425819096,5.861526764020706e-45,0.016980163060923155,0.0014946677965853989,0.004750593824228029,0.004750593824228029
148,Compass,0.028503562945368172,0.0003600613417800388,1.1789786841320664e-46,0.017499636434146103,0.0010173192120302363,0.009501187648456057,0.019002375296912115
149,Away,0.019002375296912115,0.0005196971900399114,1.026033166704531e-35,0.04223393777880772,0.0017193440964543244,0.011876484560570073,0.007125890736342043
150,Faire,0.09026128266033255,0.0009352058321349125,1.6491554466526824e-17,0.165549397378376,0.005527198757276833,0.08076009501187649,0.009501187648456057
151,Patreon,0.040380047505938245,0.00035021735607076635,2.36438049778584e-06,0.20870037326094332,0.005345044469702636,0.03800475059382423,0.0023752969121140144
152,Roivant Sciences,0.023752969121140145,0.0011165870412561962,6.040420940020985e-45,0.026322962501460222,0.0012352125587174933,0.014251781472684086,0.009501187648456057
153,RigUp,0.019002375296912115,0.0,2.2524066252334105e-20,0.10822446555819477,0.002065763512785902,0.019002375296912115,0.0
154,Wish,0.04275534441805226,0.0007015420923632663,1.5819284156918528e-56,0.004750593824228029,0.0009484933240437852,0.004750593824228029,0.03800475059382423
155,ZocDoc,0.0831353919239905,0.003846346677615764,2.026806494794162e-48,0.017240058233085588,0.001132103062684019,0.014251781472684086,0.06888361045130642
156,Flexport,0.028503562945368172,0.0010837264854061594,3.782068604599013e-40,0.03577056042896452,0.0017487420722554477,0.0166270783847981,0.011876484560570073
157,Snapdeal,0.035629453681710214,3.723183651924745e-05,7.920893347418656e-57,0.0023752969121140144,0.0008589505178592305,0.0023752969121140144,0.0332541567695962
158,Anduril,0.0665083135391924,0.0013893242702200965,1.6224685394798864e-21,0.13898435950091956,0.0025279236460289357,0.04750593824228029,0.019002375296912115
159,SpaceX,0.019002375296912115,0.0,2.250253791880301e-59,0.0,0.0008156233535763814,0.0,0.019002375296912115
160,Just,0.0498812351543943,0.002654051967336663,1.0828261082371121e-41,0.03871168419862007,0.001685784349612123,0.026128266033254157,0.023752969121140145
161,Jiuxian,0.06413301662707839,0.0,7.920893347418656e-57,0.0023752969121140144,0.0008379857609481744,0.0023752969121140144,0.061757719714964375
162,Bitmain Technologies,0.0997624703087886,0.002434611672008365,1.4218072371474302e-27,0.10042164361454273,0.002025644851176398,0.057007125890736345,0.04275534441805226
163,Pony.ai,0.10451306413301663,0.0026491553099486777,4.407555775521794e-25,0.10354873419006436,0.0023685693300400336,0.06413301662707839,0.040380047505938245
164,Tubatu.com,0.07363420427553445,0.0,2.250253791880301e-59,0.0,0.0008156233535763814,0.0,0.07363420427553445
165,Canva,0.07600950118764846,0.0014017930598351363,1.136988032465997e-35,0.04829770387965163,0.0013726208195912735,0.030878859857482188,0.045130641330166275
166,Bytedance,0.07838479809976247,0.001169029171446884,1.2501956320623442e-46,0.019115484673679448,0.0010221022259848855,0.0166270783847981,0.061757719714964375
167,Changingedu,0.09738717339667459,0.006276016724204313,1.3862624188091202e-38,0.053206650831353924,0.0013634739337541782,0.0332541567695962,0.06413301662707839
168,4Paradigm,0.06413301662707839,0.0,5.2768338751518485e-18,0.13626463691348,0.003016922768421585,0.05463182897862233,0.009501187648456057
169,100credit,0.06888361045130642,0.0008021339969083435,1.6526606999185673e-31,0.06423579389731408,0.001328669272254528,0.030878859857482188,0.03800475059382423
170,Ziroom,0.10451306413301663,0.011415530087035504,2.9607035166204766e-34,0.06803060327292292,0.0016174119260036913,0.035629453681710214,0.06888361045130642
171,Leap Motor,0.06413301662707839,0.0,3.7938704833411994e-19,0.1346686765332846,0.002578472884733854,0.052256532066508314,0.011876484560570073
172,Yixia,0.0997624703087886,0.0038250113366757404,3.327092041649733e-52,0.017490822716475923,0.0012098484207829,0.0166270783847981,0.0831353919239905
173,ASR Microelectronics,0.06888361045130642,0.0,2.7068429228241743e-13,0.18461805056592928,0.008124846395310348,0.06888361045130642,0.0
174,WeLab,0.06413301662707839,0.0,4.065283863350893e-37,0.04311362942714208,0.0010790305227259753,0.02137767220902613,0.04275534441805226
175,Klook,0.10688836104513065,0.006354792477200981,1.7625022249518237e-21,0.13838340671244995,0.002824747837495214,0.07125890736342043,0.035629453681710214
176,Kuaigou Dache,0.06413301662707839,0.0,7.0276593315817e-24,0.09221115325982912,0.0017829588142310277,0.04275534441805226,0.02137767220902613
177,Mia.com,0.07125890736342043,0.00021153024419057672,1.3980376758193915e-54,0.004750593824228029,0.0008653799405318214,0.004750593824228029,0.0665083135391924
178,YITU Technology,0.0665083135391924,0.000961429702522339,7.214839784030528e-33,0.06314138781910845,0.0015854326023332828,0.030878859857482188,0.035629453681710214
179,Chehaoduo,0.06413301662707839,0.0,2.943990114008479e-50,0.013196093956188969,0.0009210333573222371,0.009501187648456057,0.05463182897862233
180,Zuoyebang,0.08788598574821853,0.0026090453913239784,1.1353629420447908e-22,0.10866244172637762,0.00270530682212201,0.061757719714964375,0.026128266033254157
181,JOLLY Information Technology,0.07125890736342043,0.0015637523412379195,3.572427835425642e-30,0.06596016809793531,0.0014859176440266842,0.035629453681710214,0.035629453681710214
182,Poizon,0.09501187648456058,0.007021040822363793,9.800451578798226e-16,0.2022884581002733,0.004623479373742486,0.07600950118764846,0.019002375296912115
183,DoorDash,0.09738717339667459,0.004895468573124314,5.35743154577247e-36,0.07995804670388992,0.0018435989353783344,0.052256532066508314,0.045130641330166275
184,Rappi,0.12589073634204276,0.007041690629415879,1.7396420664155153e-30,0.0991072159882054,0.0020535585203448345,0.061757719714964375,0.06413301662707839
185,Zomato,0.057007125890736345,4.1567695961995245e-05,3.2351262016751915e-45,0.018429027766401835,0.000994449511246719,0.0166270783847981,0.040380047505938245
186,Kuaishou,0.07363420427553445,0.0022630435300099363,1.0572331780349983e-48,0.014867599190639569,0.0009237543042124477,0.011876484560570073,0.061757719714964375
187,Mu Sigma,0.08551068883610452,0.0,7.920893347418656e-57,0.0023752969121140144,0.000831378686042872,0.0023752969121140144,0.0831353919239905
188,MUSINSA,0.05463182897862233,0.0,2.1973363610221094e-16,0.1515447400723748,0.003334605753526598,0.04750593824228029,0.007125890736342043
189,Squarespace,0.0665083135391924,0.0015442683347238902,2.0567963541413458e-40,0.027146250424160162,0.0011987418673019645,0.02137767220902613,0.045130641330166275
190,Carbon,0.08551068883610452,0.0018551166828577558,1.456383608519956e-43,0.023321096955301227,0.00107185801678807,0.02137767220902613,0.06413301662707839
191,Lookout,0.04750593824228029,0.00231657143771158,1.3980376758193915e-54,0.0053444180522565325,0.0009852248904078007,0.004750593824228029,0.04275534441805226
192,BlaBlaCar,0.04750593824228029,0.0018056682188891204,1.424063608079753e-43,0.02263518233896884,0.0012755339705318681,0.014251781472684086,0.0332541567695962
193,Nubank,0.057007125890736345,5.1825601537172605e-05,1.3368272638065278e-34,0.061446394391531954,0.0012675672221730534,0.028503562945368172,0.028503562945368172
194,Attentive Mobile,0.05938242280285036,0.001096454021038344,4.297695973984061e-13,0.1602076302943544,0.012398659244987321,0.057007125890736345,0.0023752969121140144
195,DJI Innovations,0.0665083135391924,0.0007835571458256436,6.308117601629707e-47,0.019398258115597783,0.0010004784431044847,0.0166270783847981,0.0498812351543943
196,Coupang,0.05938242280285036,9.04875014138672e-05,1.3980376758193898e-54,0.004750593824228029,0.0008515681398839447,0.004750593824228029,0.05463182897862233
197,Vox Media,0.052256532066508314,0.0011454422855289926,3.1731025859777474e-45,0.021717000339328132,0.0010396223733963863,0.0166270783847981,0.035629453681710214
198,Bird Rides,0.05463182897862233,0.0,3.238211729504798e-33,0.06283635696007894,0.0013573620509219695,0.030878859857482188,0.023752969121140145
199,Thumbtack,0.057007125890736345,8.765976699468385e-05,5.842180851696133e-42,0.023818949590921085,0.0010779174513701648,0.02137767220902613,0.035629453681710214
200,Verkada,0.061757719714964375,7.566209381614877e-05,2.8342180656221175e-15,0.1565169917251663,0.004971051704711559,0.057007125890736345,0.004750593824228029
201,Deliveroo,0.061757719714964375,0.0037747358890968226,5.696848401779399e-42,0.023175194196571866,0.0010595905760043434,0.011876484560570073,0.0498812351543943
202,Playco,0.057007125890736345,1.13109376767334e-05,3.543122305869705e-14,0.15598180928394945,0.006642656996572386,0.05463182897862233,0.0023752969121140144
203,Zipline International,0.08788598574821853,0.0024329186362111177,4.6816881547168984e-20,0.1461676612015526,0.002901446134553078,0.05938242280285036,0.028503562945368172
204,reddit,0.07838479809976247,0.0023615288643316036,2.115062668033673e-40,0.030403800475059382,0.0011923863562783533,0.026128266033254157,0.052256532066508314
205,BeiBei,0.004750593824228029,0.0,2.250253791880301e-59,0.0,0.0008156233535763814,0.0,0.004750593824228029
206,Royole Corporation,0.0023752969121140144,0.0,7.920893347418656e-57,0.0023752969121140144,0.0011622406678391739,0.0023752969121140144,0.0
207,VANCL,0.019002375296912115,0.0,2.250253791880301e-59,0.0,0.0008156233535763814,0.0,0.019002375296912115
208,iTutorGroup,0.019002375296912115,0.00031232999929979913,4.1703728499538395e-54,0.0076009501187648465,0.0010745582642995258,0.007125890736342043,0.011876484560570073
209,17zuoye,0.04275534441805226,0.002008726915221923,5.34430593944211e-36,0.041776214393211365,0.001476662926639407,0.014251781472684086,0.028503562945368172
210,Impossible Foods,0.0498812351543943,0.000596066217460856,3.9086250770754216e-25,0.09450196220179698,0.0037605891712943914,0.045130641330166275,0.004750593824228029
211,Apus Group,0.014251781472684086,0.0003972529233387734,7.920893347418656e-57,0.0023752969121140144,0.0009022776821420795,0.0023752969121140144,0.011876484560570073
212,AvidXchange,0.026128266033254157,0.0008819703653432868,1.916349896975381e-37,0.03618641985420591,0.0014668121689935909,0.0166270783847981,0.009501187648456057
213,BillDesk,0.0166270783847981,0.0,1.3863060093062894e-34,0.038020585906571654,0.0015537146347494467,0.014251781472684086,0.0023752969121140144
214,Zhubajie,0.03800475059382423,0.0,2.250253791880301e-59,0.0,0.0008156233535763814,0.0,0.03800475059382423
215,FXiaoKe,0.045130641330166275,0.0004163854469249786,1.3980376758193915e-54,0.0053444180522565325,0.0009178364248956925,0.004750593824228029,0.040380047505938245
216,Womai,0.052256532066508314,0.0012315525248168613,6.2023942846183e-47,0.015254684613354448,0.000935040456555881,0.007125890736342043,0.045130641330166275
217,Maimai,0.052256532066508314,0.0013789016253386798,4.195931854166312e-37,0.05396741026194708,0.0012750102275287944,0.02137767220902613,0.030878859857482188
218,Liquid,0.03800475059382423,0.0,1.2048637988862476e-22,0.08600520457548662,0.0019296121029509096,0.028503562945368172,0.009501187648456057
219,Biren Techonology,0.040380047505938245,5.6554688383667e-06,1.349040285986684e-17,0.16008667750135433,0.005531844432052235,0.03800475059382423,0.0023752969121140144
220,SenseTime,0.06413301662707839,0.005662911674533662,4.09734833860514e-40,0.04800150378509544,0.0017913986708892,0.030878859857482188,0.0332541567695962
221,Zhaogang,0.0498812351543943,0.0002232419155910643,1.1085071626005492e-41,0.025610874626655063,0.0010247724314498604,0.014251781472684086,0.035629453681710214
222,Kujiale,0.06413301662707839,0.0005084762257310611,2.644804334459384e-20,0.11233394915105128,0.006914558503181515,0.05463182897862233,0.009501187648456057
223,TERMINUS Technology,0.03800475059382423,0.0,7.440661285393682e-24,0.08463215436176097,0.0016492005883569606,0.026128266033254157,0.011876484560570073
224,Ripple,0.06413301662707839,0.001172819784119411,1.0217548663559314e-18,0.19183835747708805,0.004673989210714726,0.05463182897862233,0.009501187648456057
225,Jusfoun Big Data,0.03800475059382423,0.0,2.4910009005830706e-26,0.07823742566360942,0.0013649759130288366,0.02137767220902613,0.0166270783847981
226,OrCam Technologies,0.007125890736342043,0.0,1.4477371253556918e-50,0.007422802850356294,0.0009687612962142177,0.004750593824228029,0.0023752969121140144
227,Huaqin Telecom Technology,0.007125890736342043,0.0,1.0279582374422708e-48,0.009501187648456057,0.001792211917736442,0.007125890736342043,0.0
228,One97 Communications,0.0332541567695962,0.0009734947027108547,1.6497634413749768e-52,0.009501187648456057,0.0010601661618148096,0.009501187648456057,0.023752969121140145
229,Traveloka,0.004750593824228029,0.0,2.250253791880301e-59,0.0,0.0008156233535763814,0.0,0.004750593824228029
230,Meero,0.007125890736342043,9.755683746182558e-05,2.549988785561186e-34,0.032959968619930696,0.0016494635784439307,0.004750593824228029,0.0023752969121140144
231,Turo,0.035629453681710214,9.160305817923734e-05,1.644616282098676e-12,0.17271402622806842,0.0026660730382050144,0.026128266033254157,0.009501187648456057
232,Dialpad,0.08076009501187649,0.0006118323670071211,2.3174942455412555e-05,0.2558402324562415,0.010008737463178305,0.07838479809976247,0.0023752969121140144
233,GitLab,0.07600950118764846,0.003761434229282889,2.3561330403837883e-26,0.10082648343661253,0.0019217705150564844,0.04275534441805226,0.0332541567695962
234,Toast,0.09263657957244656,0.008040808884463447,1.3486816888065913e-27,0.09391629380029091,0.0017029866306426144,0.0332541567695962,0.05938242280285036
235,Applied Intuition,0.06888361045130642,0.0005761542778000192,0.0002007751938015231,0.24227322620379552,0.01620017077456448,0.0665083135391924,0.0023752969121140144
236,DigitalOcean,0.05938242280285036,0.000262790785356106,1.7016639711458926e-15,0.1753693787994686,0.004395861612645851,0.0498812351543943,0.009501187648456057
237,Farmers Business Network,0.040380047505938245,0.0005320584290723413,2.344194510618109e-06,0.19364121334838985,0.0036708449622053336,0.035629453681710214,0.004750593824228029
238,Apeel Sciences,0.052256532066508314,0.0013281109607882595,2.1396934400634246e-14,0.18816543244376133,0.0038627109371412328,0.04275534441805226,0.009501187648456057
239,FiveTran,0.08076009501187649,0.0014466945570610317,2.61050758873598e-13,0.21204573648629158,0.005933680859574789,0.07125890736342043,0.009501187648456057
240,OfferUp,0.07600950118764846,0.0036771825351312967,2.9902410180625014e-45,0.023806953141870008,0.0012384302253824445,0.019002375296912115,0.057007125890736345
241,Airbnb,0.052256532066508314,0.0,2.250253791880301e-59,0.0,0.0008156233535763814,0.0,0.052256532066508314
242,Affirm,0.07838479809976247,0.0029743488392114112,1.9859209688599526e-37,0.06501760995986566,0.0015468218645148632,0.035629453681710214,0.04275534441805226
243,Rani Therapeutics,0.0332541567695962,0.0,6.774150409869388e-39,0.0402886899323954,0.0009656743757216377,0.009501187648456057,0.023752969121140145
244,Samsara Networks,0.06888361045130642,0.0055354611052644736,6.924318098741846e-33,0.09052520453945632,0.001204344720099793,0.023752969121140145,0.045130641330166275
245,Robinhood,0.0997624703087886,0.0042734021187466244,2.058002202517165e-40,0.04436526788070731,0.0011024049559016783,0.019002375296912115,0.08076009501187649
246,TripActions,0.07838479809976247,0.0034812348725806663,1.2819883388265341e-27,0.10824137827355003,0.0016043300043732832,0.035629453681710214,0.04275534441805226
247,KeepTruckin,0.061757719714964375,0.0029625383055499315,3.366369007398134e-21,0.15047277055242184,0.0018870331500885277,0.0332541567695962,0.028503562945368172
248,Magic Leap,0.061757719714964375,0.0008214411391371009,2.788154458291368e-54,0.0076009501187648465,0.000909358957741385,0.007125890736342043,0.05463182897862233
249,Loft,0.0498812351543943,8.48320325755005e-05,1.311135193784823e-16,0.1689918234108186,0.002873303475906347,0.03800475059382423,0.011876484560570073
250,Gusto,0.06413301662707839,0.003089079902364598,5.696662458292698e-42,0.034480116466171176,0.0013646573460928233,0.019002375296912115,0.045130641330166275
251,Devoted Health,0.057007125890736345,0.0012822203214975523,3.400532341580243e-29,0.1069586823352919,0.0014013522191764465,0.028503562945368172,0.028503562945368172
252,Tanium,0.057007125890736345,0.0011428894598219336,3.285309554267479e-52,0.00848320325755005,0.0008996377063155256,0.007125890736342043,0.0498812351543943
253,Cazoo,0.026128266033254157,0.0,2.4943983461222646e-26,0.0985316346361477,0.001553245583753616,0.0166270783847981,0.009501187648456057
254,Ro,0.030878859857482188,0.0006445304434785263,2.832328230958219e-12,0.16733671677903839,0.0035001514996444655,0.023752969121140145,0.007125890736342043
255,Rapyd,0.026128266033254157,0.0,6.963032390488131e-29,0.09577226116679219,0.001162797104121629,0.011876484560570073,0.014251781472684086
256,ClassPass,0.026128266033254157,0.0,1.350346007196205e-27,0.09714892173071785,0.0013275393022853677,0.014251781472684086,0.011876484560570073
257,Hello TransTech,0.023752969121140145,0.00012159258002488405,1.3308210714646783e-43,0.022542033440454568,0.0011618677508867645,0.011876484560570073,0.011876484560570073
258,MEGVII,0.004750593824228029,0.0,5.4067749287822833e-42,0.027186566637661395,0.001110864800882468,0.004750593824228029,0.0
259,Katerra,0.0332541567695962,5.938242280285035e-05,5.980452099952179e-45,0.017864212193190815,0.0010345475930796208,0.011876484560570073,0.02137767220902613
260,Meicai,0.035629453681710214,0.0012610132706841223,2.9902117417159956e-45,0.018323719036308108,0.0009875028644733734,0.007125890736342043,0.028503562945368172
261,Xiaohongshu,0.040380047505938245,0.0024793120420029137,5.996949297614258e-47,0.018622327790973874,0.0012294222150467478,0.014251781472684086,0.026128266033254157
262,Rocket Lab,0.05938242280285036,0.0017156669820395643,1.1791234301210237e-46,0.0171021377672209,0.0010949006068232227,0.011876484560570073,0.04750593824228029
263,Procore,0.030878859857482188,0.0010688836104513063,7.920893347418656e-57,0.0023752969121140144,0.0015088579821019663,0.0023752969121140144,0.028503562945368172
264,Sila Nanotechnologies,0.040380047505938245,0.000489941099883414,1.06439661223541e-22,0.1090003720344561,0.0015783946245170313,0.023752969121140145,0.0166270783847981
265,ThoughtSpot,0.05463182897862233,0.0015147782582886078,1.3902619717846067e-34,0.07071484494220996,0.001523167211989428,0.026128266033254157,0.028503562945368172
266,Rubrik,0.07838479809976247,0.0029393900760410854,2.6616214439121552e-43,0.026510010179843908,0.0012955089851492134,0.02137767220902613,0.057007125890736345
267,BigBasket,0.05463182897862233,0.001174777980003633,1.6477539914156771e-21,0.1178628341200878,0.002808546944693623,0.040380047505938245,0.014251781472684086
268,Oscar Health,0.0332541567695962,3.0162500471289065e-05,1.6496054735587867e-52,0.006334125098970704,0.000891669424399484,0.004750593824228029,0.028503562945368172
269,Starry,0.030878859857482188,0.00010499463587349574,5.862539759720338e-45,0.013830357826986437,0.0009690486546080827,0.004750593824228029,0.026128266033254157
270,Toss,0.0665083135391924,0.0035365178845837134,6.6079296123136416e-24,0.10564442593238847,0.001692737333385215,0.030878859857482188,0.035629453681710214
271,ACV Auctions,0.0332541567695962,0.0002688681701236842,3.541638471007848e-19,0.11913371524381723,0.002659092764703778,0.023752969121140145,0.009501187648456057
272,Auth0,0.0332541567695962,0.00013290351770161747,2.455299307573554e-20,0.1172718018323719,0.003073842877420012,0.023752969121140145,0.009501187648456057
273,Guild Education,0.03800475059382423,0.00022413630871384512,4.912273545368273e-18,0.12308822775508808,0.0034350980877418925,0.030878859857482188,0.007125890736342043
274,Instacart,0.057007125890736345,0.0013295059638799036,1.405936066628889e-54,0.007125890736342043,0.0009773656875370895,0.007125890736342043,0.0498812351543943
275,Redis Labs,0.011876484560570073,0.0,2.1533638552659995e-06,0.16315394523817964,0.0036208645618460234,0.011876484560570073,0.0
276,Rent the Runway,0.030878859857482188,0.0001140182914020715,9.985401380938047e-23,0.08502848570357009,0.001166821491237633,0.014251781472684086,0.0166270783847981
277,Graphcore,0.011876484560570073,5.6554688383667005e-05,1.3901392850098914e-54,0.003167062549485352,0.0012431799831269879,0.0023752969121140144,0.009501187648456057
278,InVision,0.045130641330166275,0.00024739105796112924,1.3008984030475478e-43,0.014784175608157915,0.0009361752937573652,0.004750593824228029,0.040380047505938245
279,SentinelOne,0.040380047505938245,0.0003605877558201958,8.39940774752182e-16,0.1633745543888567,0.0032458158365213734,0.035629453681710214,0.004750593824228029
280,PAX,0.0332541567695962,0.00046169313475048117,7.438063896475452e-24,0.09317612069929794,0.0015272052878852124,0.02137767220902613,0.011876484560570073
281,JUUL Labs,0.030878859857482188,0.0,5.146473384532902e-42,0.01610370787873908,0.0009829836807177836,0.007125890736342043,0.023752969121140145
282,Razorpay,0.052256532066508314,0.0,0.00020290712754730228,0.23415326244639642,0.007627423831850139,0.052256532066508314,0.0
283,Allbirds,0.03800475059382423,0.0005302002035968781,4.405482529682977e-25,0.09476686018417058,0.0014009343591236574,0.02137767220902613,0.0166270783847981
284,ezCater,0.023752969121140145,4.987584899359586e-05,1.122302056945166e-22,0.11797619103173751,0.004021861388558326,0.02137767220902613,0.0023752969121140144
285,Didi Chuxing,0.045130641330166275,0.00047461951262426315,1.5819284156918528e-56,0.004750593824228029,0.0010120398316586304,0.004750593824228029,0.040380047505938245
286,Intercom,0.0332541567695962,1.7390566677977605e-05,1.8375722351001486e-40,0.017458432304038003,0.0010665380599330877,0.009501187648456057,0.023752969121140145
287,Infinidat,0.045130641330166275,0.0015570852252223136,2.878700962458383e-50,0.006577745295084963,0.0008520362902927033,0.0023752969121140144,0.04275534441805226
288,Calm,0.02137767220902613,6.91852354560193e-05,5.1463024524918893e-36,0.038346028885794636,0.0023319364935396446,0.019002375296912115,0.0023752969121140144
289,C3.ai,0.011876484560570073,1.9053543824497335e-05,2.040951164741943e-48,0.00831353919239905,0.0008922694338370119,0.004750593824228029,0.007125890736342043
290,wefox Group,0.004750593824228029,0.0,1.3980376758193915e-54,0.0053444180522565325,0.0015450708589496306,0.004750593824228029,0.0
291,Talkdesk,0.0023752969121140144,0.0,2.250253791880301e-59,0.0,0.0008156233535763814,0.0,0.0023752969121140144
292,Sonder,0.04275534441805226,0.001025962641588702,7.11229816971953e-19,0.15037111207899095,0.0024708664585676586,0.030878859857482188,0.011876484560570073
293,Niantic,0.014251781472684086,0.00038595208471353703,5.14649082627741e-36,0.041309511515026334,0.0009334497064200125,0.004750593824228029,0.009501187648456057
294,Cato Networks,0.030878859857482188,0.0,2.3234096808130237e-14,0.18152269033629204,0.005526635887475855,0.030878859857482188,0.0
295,Blend,0.0498812351543943,0.0006320252910005199,4.951392123017519e-20,0.15888703206898774,0.0018493297135144967,0.030878859857482188,0.019002375296912115
296,Lyra Health,0.03800475059382423,4.382988349734192e-05,1.8428769450084758e-15,0.18622807648935916,0.0031319109446425954,0.035629453681710214,0.0023752969121140144
297,GetYourGuide,0.011876484560570073,0.0,3.2277001301042796e-33,0.04464785740493985,0.00118358180429134,0.007125890736342043,0.004750593824228029
298,Aurora,0.07363420427553445,0.005841706284912114,2.247165747539784e-22,0.15749672790731495,0.002138269303265995,0.040380047505938245,0.0332541567695962
299,Figma,0.08076009501187649,0.002389933709920135,1.4171973344900261e-16,0.1988004491846884,0.003942827616564479,0.06413301662707839,0.0166270783847981
300,Actifio,0.035629453681710214,0.0015891867435810427,7.920893347418656e-57,0.0023752969121140144,0.0011622406678391739,0.0023752969121140144,0.0332541567695962
301,Docker,0.052256532066508314,0.0005637046133179578,1.649684457466883e-52,0.0076009501187648465,0.0010317498902526476,0.007125890736342043,0.045130641330166275
302,Flywire,0.014251781472684086,0.0,9.153932050332655e-18,0.12991607795885632,0.0022060631498333925,0.014251781472684086,0.0
303,Sema4,0.007125890736342043,0.0,1.3901392850098914e-54,0.003167062549485352,0.0008677715201680582,0.0023752969121140144,0.004750593824228029
304,Warby Parker,0.009501187648456057,2.2879962225058935e-05,1.4474598918382761e-50,0.005398402072986396,0.0008787814122477986,0.0023752969121140144,0.007125890736342043
305,Roblox,0.0332541567695962,0.0011653470196055877,1.8737542368692946e-38,0.042316077180880485,0.0015359141661404315,0.011876484560570073,0.02137767220902613
306,Rippling,0.0498812351543943,0.0009895682337996555,2.973246103845311e-11,0.19354271135743817,0.004550042341041648,0.04275534441805226,0.007125890736342043
307,Better.com,0.026128266033254157,0.0,3.018701133801769e-10,0.17524452641172292,0.0042007115969660384,0.026128266033254157,0.0
308,Ginkgo BioWorks,0.030878859857482188,0.00041476980270668763,2.0477826603152466e-37,0.02738577616319687,0.0012417905191228896,0.009501187648456057,0.02137767220902613
309,Qumulo,0.026128266033254157,0.0,1.7019678453919674e-15,0.1575776031833039,0.002042907907784837,0.02137767220902613,0.004750593824228029
310,XANT,0.028503562945368172,5.6554688383667e-06,7.920893347418656e-57,0.0023752969121140144,0.0008733929059535135,0.0023752969121140144,0.026128266033254157
311,InMobi,0.028503562945368172,0.0,2.250253791880301e-59,0.0,0.0008156233535763814,0.0,0.028503562945368172
312,Deezer,0.009501187648456057,0.0002375296912114014,1.3980376758193898e-54,0.004750593824228029,0.0013432725792741308,0.004750593824228029,0.004750593824228029
313,Tekion,0.030878859857482188,0.0,2.1174657584769976e-05,0.19738984226960957,0.009459284381503877,0.030878859857482188,0.0
314,TangoMe,0.03800475059382423,0.0,2.250253791880301e-59,0.0,0.0008156233535763814,0.0,0.03800475059382423
315,DT Dream,0.026128266033254157,0.0,2.7220239341177064e-43,0.023196258907363418,0.0012971387867304082,0.0166270783847981,0.009501187648456057
316,Meizu Technology,0.026128266033254157,0.0,1.3980376758193915e-54,0.004750593824228029,0.0009110986844509072,0.004750593824228029,0.02137767220902613
317,KnowBox,0.026128266033254157,0.0,2.2905239084319868e-20,0.09351144140542321,0.00255611648599874,0.026128266033254157,0.0
318,Easyhome,0.028503562945368172,0.0003053953172718018,1.3075633625576697e-38,0.041475244285775245,0.0016815934127067259,0.02137767220902613,0.007125890736342043
319,HeartFlow,0.0023752969121140144,0.0,1.3901392850098914e-54,0.003167062549485352,0.0008831101020796636,0.0023752969121140144,0.0
320,LifeMiles,0.004750593824228029,0.0,2.250253791880301e-59,0.0,0.0008156233535763814,0.0,0.004750593824228029
321,Thrasio,0.007125890736342043,4.241601628775025e-05,1.6728674580028203e-08,0.07571301022556898,0.0027461770141278493,0.004750593824228029,0.0023752969121140144
322,UBTECH Robotics,0.019002375296912115,0.0,2.250253791880301e-59,0.0,0.0008156233535763814,0.0,0.019002375296912115
323,Mafengwo,0.052256532066508314,0.0014030199101882164,1.0628133099403615e-22,0.12973725734629357,0.0027710377389466244,0.03800475059382423,0.014251781472684086
324,Tuhu,0.0166270783847981,0.0,2.3561327016892145e-26,0.04826000075406251,0.0013907435104816923,0.011876484560570073,0.004750593824228029
325,Unisound,0.028503562945368172,0.0009866259179119713,1.2791285790837059e-27,0.04797484798868467,0.0012855404131346068,0.014251781472684086,0.014251781472684086
326,Socar,0.0023752969121140144,0.0,1.8217142406773476e-14,0.10416598878512781,0.001638384786480882,0.0023752969121140144,0.0
327,Yimidida,0.004750593824228029,0.0004750593824228028,1.3432310949261594e-27,0.054064822618956405,0.0009501350413109722,0.0023752969121140144,0.0023752969121140144
328,eDaili,0.0023752969121140144,0.0,2.3456915280627443e-26,0.04344688655702216,0.0016232349759796546,0.0023752969121140144,0.0
329,FlashEx,0.009501187648456057,0.0,2.457337421137921e-20,0.09583071103261127,0.001056169826080274,0.007125890736342043,0.0023752969121140144
330,KK Group,0.011876484560570073,6.78656260604004e-06,3.5305073466750357e-19,0.09717123731375513,0.0019539452104119052,0.009501187648456057,0.0023752969121140144
331,XiaoZhu,0.007125890736342043,0.0,2.250253791880301e-59,0.0,0.0008156233535763814,0.0,0.007125890736342043
332,Aihuishou,0.007125890736342043,0.0,1.0624038599467577e-35,0.03878882918617254,0.0024685247557117394,0.007125890736342043,0.0
333,SouChe Holdings,0.02137767220902613,0.0010752594782964648,3.0501090128122827e-45,0.009897070467141725,0.0012523882375814327,0.007125890736342043,0.014251781472684086
334,Illumio,0.0166270783847981,0.0010591660786774457,1.5819284156918528e-56,0.004750593824228029,0.0015403686470349476,0.004750593824228029,0.011876484560570073
335,Yello Mobile,0.0023752969121140144,0.0,2.250253791880301e-59,0.0,0.0008156233535763814,0.0,0.0023752969121140144
336,Orca Bio,0.035629453681710214,0.00015450616570399396,9.73270973612171e-15,0.19306942984597816,0.004545396230130825,0.0332541567695962,0.0023752969121140144
337,Innovium,0.011876484560570073,0.0,1.5420737728413105e-21,0.08514491955279196,0.00216574450076592,0.011876484560570073,0.0
338,Loggi,0.011876484560570073,0.0,9.987629600781826e-23,0.08408021262880908,0.0011706312504545526,0.009501187648456057,0.0023752969121140144
339,TechStyle Fashion Group,0.011876484560570073,0.0,2.250253791880301e-59,0.0,0.0008156233535763814,0.0,0.011876484560570073
340,Northvolt,0.03800475059382423,0.000678656260604004,3.5305073466750396e-19,0.11105284264429158,0.001850898767383723,0.026128266033254157,0.011876484560570073
341,GPclub,0.035629453681710214,0.0,2.4573374211379215e-20,0.10956540577344155,0.0015819282094936046,0.023752969121140145,0.011876484560570073
342,Symphony,0.03800475059382423,0.0004597088241472361,1.1097392071128336e-41,0.02867322701051917,0.0010793297430401476,0.011876484560570073,0.026128266033254157
343,ReNew Power,0.035629453681710214,0.0,2.7823864575576366e-43,0.026992010364931977,0.0010019080334403452,0.009501187648456057,0.026128266033254157
344,Rubicon Global,0.035629453681710214,0.0,3.994570117742407e-40,0.03037879734966871,0.0011627362275050664,0.014251781472684086,0.02137767220902613
345,SMS Assist,0.035629453681710214,0.0,1.1990986621768226e-46,0.015201900237529693,0.0008890404634853599,0.004750593824228029,0.030878859857482188
346,ironSource,0.007125890736342043,0.0,2.250253791880301e-59,0.0,0.0008156233535763814,0.0,0.007125890736342043
347,Gett,0.009501187648456057,1.13109376767334e-05,7.920893347418656e-57,0.0023752969121140144,0.0010467015630849098,0.0023752969121140144,0.007125890736342043
348,Seismic,0.061757719714964375,0.0029799087319447005,6.988717176111101e-24,0.12387738943558423,0.0016744920086877138,0.0332541567695962,0.028503562945368172
349,Udaan,0.052256532066508314,0.0018252937831054737,3.386051154557244e-29,0.08393161821284,0.0012795499847596558,0.0166270783847981,0.035629453681710214
350,Arctic Wolf Networks,0.035629453681710214,0.0,1.087549690125943e-13,0.19677921958894382,0.007864045130375752,0.035629453681710214,0.0
351,Dingdong Maicai,0.040380047505938245,0.00040617649075402727,2.1927071822805576e-14,0.19269917764991382,0.003888044145789762,0.035629453681710214,0.004750593824228029
352,HashiCorp,0.0166270783847981,0.00038295174832331263,2.927632283362314e-50,0.012501562695336916,0.0009983902431554873,0.004750593824228029,0.011876484560570073
353,FlixBus,0.0332541567695962,0.0,8.516955421506272e-18,0.14138180316017762,0.0019893662622656938,0.026128266033254157,0.007125890736342043
354,Red Ventures,0.0332541567695962,0.0,1.3980376758193898e-54,0.004750593824228029,0.0008515681398839447,0.004750593824228029,0.028503562945368172
355,NuCom Group,0.0332541567695962,0.0,6.564019997562165e-39,0.020950118764845604,0.0010244301699294227,0.011876484560570073,0.02137767220902613
356,Gymshark,0.0332541567695962,0.0,2.563489306628915e-13,0.16864608076009502,0.004933451716530359,0.0332541567695962,0.0
357,Airtable,0.011876484560570073,7.540625117822266e-06,5.146102466657706e-36,0.028557546966098035,0.0008815126779754694,0.004750593824228029,0.007125890736342043
358,Rivigo,0.0166270783847981,0.00011420007432901901,2.3564734183060248e-26,0.0654418537011004,0.0027300173387566095,0.014251781472684086,0.0023752969121140144
359,Lianjia,0.026128266033254157,0.0007746270369276817,1.453934607016908e-43,0.02895108265344762,0.001414312176460848,0.014251781472684086,0.011876484560570073
360,Hike,0.014251781472684086,0.0,2.052561263010912e-40,0.025939321960699632,0.0018971003089529545,0.011876484560570073,0.0023752969121140144
361,HuJiang,0.011876484560570073,0.0,3.172045190619444e-45,0.015706044888264093,0.0008876527279140977,0.004750593824228029,0.007125890736342043
362,WM Motor,0.019002375296912115,0.00013969008030765748,6.614623154331173e-29,0.05759900315408278,0.003722425778887655,0.0166270783847981,0.0023752969121140144
363,Xinchao Media,0.014251781472684086,0.00026015156656486823,3.947747036371427e-37,0.04490795724465558,0.0014637761289736186,0.011876484560570073,0.0023752969121140144
364,iCarbonX,0.014251781472684086,0.0,5.687400213763982e-42,0.024572037021869116,0.0013312496522775333,0.009501187648456057,0.004750593824228029
365,We Doctor,0.014251781472684086,0.0,1.013480866211215e-48,0.006107906345436036,0.0008511008568401337,0.0023752969121140144,0.011876484560570073
366,Orbbec Technology,0.004750593824228029,0.0,3.110021411351589e-45,0.01221581269087207,0.0008574535888669076,0.0023752969121140144,0.0023752969121140144
367,WTOIP,0.0023752969121140144,0.0,2.250253791880301e-59,0.0,0.0008156233535763814,0.0,0.0023752969121140144
368,Trax,0.004750593824228029,0.0,3.81133430904404e-37,0.03340327854883206,0.0019853947292601285,0.004750593824228029,0.0
369,Icertis,0.004750593824228029,0.0,2.250253791880301e-59,0.0,0.0008156233535763814,0.0,0.004750593824228029
370,Deposit Solutions,0.004750593824228029,0.0,7.920893347418656e-57,0.0023752969121140144,0.0011622406678391739,0.0023752969121140144,0.0023752969121140144
371,Scopely,0.004750593824228029,0.0,1.3980376758193898e-54,0.004750593824228029,0.002150192926427876,0.004750593824228029,0.0
372,Babylon Health,0.004750593824228029,1.13109376767334e-05,1.3901392850098914e-54,0.003167062549485352,0.0011121943697656024,0.0023752969121140144,0.0023752969121140144
373,VillageMD,0.0023752969121140144,0.0,1.6218821218174428e-52,0.0035629453681710215,0.001761049597958376,0.0023752969121140144,0.0
374,Hippo,0.011876484560570073,0.0,6.171132822367521e-24,0.09002764689848526,0.003123943601923679,0.011876484560570073,0.0
375,Grab,0.035629453681710214,0.0,2.250253791880301e-59,0.0,0.0008156233535763814,0.0,0.035629453681710214
376,Manbang Group,0.014251781472684086,0.0,1.336757460160847e-34,0.058064024058053124,0.0009777469242831704,0.007125890736342043,0.007125890736342043
377,Zume,0.0166270783847981,8.166766310641437e-05,3.2379999711490835e-33,0.05939326890747188,0.0012547785918789968,0.009501187648456057,0.007125890736342043
378,Alto Pharmacy,0.019002375296912115,5.175729365583454e-05,1.0587834202429556e-22,0.11042024116193598,0.001826895357149856,0.0166270783847981,0.0023752969121140144
379,ApplyBoard,0.0023752969121140144,0.0,2.250253791880301e-59,0.0,0.0008156233535763814,0.0,0.0023752969121140144
380,TuJia,0.02137767220902613,0.0,2.780256067481865e-54,0.0053444180522565325,0.0009122271029811983,0.004750593824228029,0.0166270783847981
381,Ibotta,0.023752969121140145,0.0005994796968668702,1.648965930747329e-21,0.08087526092276687,0.0015685006433392842,0.0166270783847981,0.007125890736342043
382,Keep,0.030878859857482188,0.0,3.792513140354999e-19,0.11574369756944694,0.00397099697814952,0.030878859857482188,0.0
383,Brex,0.035629453681710214,0.0005346748994950554,6.563668499735362e-28,0.07960673561885524,0.0011521115370038111,0.011876484560570073,0.023752969121140145
384,Cars24,0.026128266033254157,0.0,3.786858401312793e-11,0.20450579281593873,0.01353351480364864,0.026128266033254157,0.0
385,Revolut,0.0332541567695962,0.0001188725688216696,1.3329943195174988e-34,0.03906224579442293,0.0009477981101568447,0.004750593824228029,0.028503562945368172
386,Cabify,0.0023752969121140144,0.0,2.250253791880301e-59,0.0,0.0008156233535763814,0.0,0.0023752969121140144
387,Glovo,0.004750593824228029,0.0,4.706421316958537e-30,0.04246809921007568,0.0016215111063023495,0.004750593824228029,0.0
388,InSightec,0.0023752969121140144,0.0,2.292440828063148e-20,0.06223060491257059,0.0012601025548260795,0.0023752969121140144,0.0
389,Lilium Aviation,0.009501187648456057,1.2700322337241236e-05,1.1360723268467413e-16,0.11996463061532325,0.0015136591352842412,0.007125890736342043,0.0023752969121140144
390,SmartNews,0.007125890736342043,0.0,8.515310602970886e-18,0.11798916809448787,0.0010386272887210448,0.0023752969121140144,0.004750593824228029
391,Outreach,0.009501187648456057,8.059043094672547e-05,2.054937824748784e-48,0.009580364212193191,0.0009853523260998614,0.0023752969121140144,0.007125890736342043
392,VTS,0.004750593824228029,0.0,1.1985245300444917e-46,0.008143875127248049,0.001094809717678436,0.0023752969121140144,0.0023752969121140144
393,Geek+,0.014251781472684086,0.0,6.91876963262352e-33,0.052090359031504455,0.0012461593486573499,0.009501187648456057,0.004750593824228029
394,Mofang Living,0.0166270783847981,0.0,2.250253791880301e-59,0.0,0.0008156233535763814,0.0,0.0166270783847981
395,Figure Technologies,0.02137767220902613,0.00025578428785079615,7.573491548139555e-24,0.11191807962170387,0.0016553120435058432,0.019002375296912115,0.0023752969121140144
396,Next Insurance,0.014251781472684086,0.00015922674643407587,3.3829310069879756e-26,0.08164877422610853,0.001056466985363026,0.007125890736342043,0.007125890736342043
397,Age of Learning,0.0023752969121140144,0.0,2.250253791880301e-59,0.0,0.0008156233535763814,0.0,0.0023752969121140144
398,Horizon Robotics,0.0166270783847981,0.0003761853838202667,3.407173109540945e-30,0.06096595407759303,0.0009997907592404695,0.007125890736342043,0.009501187648456057
399,TELD,0.0023752969121140144,0.0,3.407161765433788e-30,0.04830885550834699,0.0008862173967828398,0.0023752969121140144,0.0
400,Automattic,0.0166270783847981,0.0,2.250253791880301e-59,0.0,0.0008156233535763814,0.0,0.0166270783847981
401,Nextdoor,0.011876484560570073,0.0,7.920893347418656e-57,0.0023752969121140144,0.0009146568719371793,0.0023752969121140144,0.009501187648456057
402,WalkMe,0.011876484560570073,0.0,5.554442040974215e-42,0.01681337618182665,0.0011864668286136904,0.007125890736342043,0.004750593824228029
403,Vice Media,0.004750593824228029,0.0,2.250253791880301e-59,0.0,0.0008156233535763814,0.0,0.004750593824228029
404,Mollie,0.004750593824228029,0.0,1.3980376758193915e-54,0.004750593824228029,0.0012328086863097954,0.004750593824228029,0.0
405,Tipalti,0.004750593824228029,0.0,5.83065571812281e-25,0.08185846693251234,0.001190737110424902,0.004750593824228029,0.0
406,MediaMath,0.0023752969121140144,0.0,2.250253791880301e-59,0.0,0.0008156233535763814,0.0,0.0023752969121140144
407,AppLovin,0.0023752969121140144,0.0,2.250253791880301e-59,0.0,0.0008156233535763814,0.0,0.0023752969121140144
408,GOAT,0.004750593824228029,0.0,2.396538230442099e-13,0.13728416613086455,0.0023299000481472013,0.004750593824228029,0.0
409,Whoop,0.004750593824228029,0.0,4.63350787066694e-12,0.12176082311796511,0.01171334299841852,0.004750593824228029,0.0
410,Trumid,0.007125890736342043,0.0,8.642034139435623e-18,0.11849630089111457,0.0011747945708606513,0.007125890736342043,0.0
411,Forter,0.0023752969121140144,0.0,4.681646643161228e-20,0.11107853325415677,0.000949314177100191,0.0023752969121140144,0.0
412,Revolution Precrafted,0.0023752969121140144,0.0,2.250253791880301e-59,0.0,0.0008156233535763814,0.0,0.0023752969121140144
413,Bukalapak,0.0023752969121140144,0.0,7.920893347418656e-57,0.0023752969121140144,0.0015088579821019663,0.0023752969121140144,0.0
414,Global Switch,0.004750593824228029,5.6554688383667e-06,7.920893347418656e-57,0.0023752969121140144,0.0009146568719371793,0.0023752969121140144,0.0023752969121140144
415,AIWAYS,0.0023752969121140144,0.0,1.3901392850098914e-54,0.003167062549485352,0.001593063019262857,0.0023752969121140144,0.0
416,sweetgreen,0.0023752969121140144,0.0,1.3612814775428952e-43,0.01140142517814727,0.0008813861190738554,0.0023752969121140144,0.0
417,Remitly,0.0023752969121140144,0.0,6.099646977531714e-47,0.013460015835312748,0.0008583817928648895,0.0023752969121140144,0.0
418,dLocal,0.0023752969121140144,0.0,2.250253791880301e-59,0.0,0.0008156233535763814,0.0,0.0023752969121140144
419,Indigo Ag,0.0023752969121140144,0.0,2.250253791880301e-59,0.0,0.0008156233535763814,0.0,0.0023752969121140144
420,Argo AI,0.0023752969121140144,0.0,4.544389151992403e-18,0.08106462025701931,0.0011303357642815826,0.0023752969121140144,0.0
421,WEMAKEPRICE,0.0023752969121140144,0.0,2.250253791880301e-59,0.0,0.0008156233535763814,0.0,0.0023752969121140144
